region,n,mean_err,rmse,mae,std,max_abs
edge,7938,-0.000025,0.000350,0.000277,0.000349,0.001555
flat,7938,0.000025,0.000385,0.000307,0.000384,0.001505
